[{"id":"6281534162316@s.whatsapp.net","limit":99},{"id":"6285813192983@s.whatsapp.net","limit":1},{"id":"6281368710653@s.whatsapp.net","limit":7},{"id":"62895378233308@s.whatsapp.net","limit":3},{"id":"6282127659478@s.whatsapp.net","limit":9},{"id":"6282189132164@s.whatsapp.net","limit":1},{"id":"5491131037640@s.whatsapp.net","limit":6},{"id":"6289678025914@s.whatsapp.net","limit":1},{"id":"6281398061237@s.whatsapp.net","limit":4},{"id":"6285707004378@s.whatsapp.net","limit":1},{"id":"6287864342237@s.whatsapp.net","limit":5},{"id":"6282249099815@s.whatsapp.net","limit":1},{"id":"6283115377855@s.whatsapp.net","limit":4},{"id":"6288274362492@s.whatsapp.net","limit":0},{"id":"6281585919364@s.whatsapp.net","limit":0},{"id":"6285328911480@s.whatsapp.net","limit":3},{"id":"6281369060699@s.whatsapp.net","limit":7},{"id":"6287887528461@s.whatsapp.net","limit":9},{"id":"6281542362070@s.whatsapp.net","limit":1},{"id":"6283804370044@s.whatsapp.net","limit":1},{"id":"6285856195332@s.whatsapp.net","limit":1},{"id":"6283159296996@s.whatsapp.net","limit":1}]