[{"id":"628886154216@s.whatsapp.net","limit":2},{"id":"6285695147824@s.whatsapp.net","limit":8},{"id":"6281212694379@s.whatsapp.net","limit":2},{"id":"6282337023927@s.whatsapp.net","limit":14},{"id":"6285719616048@s.whatsapp.net","limit":16},{"id":"6283176981705@s.whatsapp.net","limit":11},{"id":"6285793753973@s.whatsapp.net","limit":2},{"id":"6283834371736@s.whatsapp.net","limit":2},{"id":"6289521443952@s.whatsapp.net","limit":1},{"id":"6285774742622@s.whatsapp.net","limit":6},{"id":"62881023366494@s.whatsapp.net","limit":2},{"id":"6281949754956@s.whatsapp.net","limit":2},{"id":"6281316684503@s.whatsapp.net","limit":7},{"id":"6289602217087@s.whatsapp.net","limit":1},{"id":"6289643739077@s.whatsapp.net","limit":4},{"id":"60139790558@s.whatsapp.net","limit":9},{"id":"6289614913822@s.whatsapp.net","limit":2},{"id":"6287797587433@s.whatsapp.net","limit":12},{"id":"62895354233663@s.whatsapp.net","limit":1},{"id":"6289635840104@s.whatsapp.net","limit":4},{"id":"16028848870@s.whatsapp.net","limit":2},{"id":"6289524991056@s.whatsapp.net","limit":2},{"id":"6281232851052@s.whatsapp.net","limit":6},{"id":"6288219949628@s.whatsapp.net","limit":6},{"id":"6281263359718@s.whatsapp.net","limit":2}]